,Name,Country,Brand,Categories,ABV,Rating,Rate Count,Price
1248,Nikka Whisky From The Barrel,Japan,Nikka,"Japanese Whisky, Whiskey",51.4%,4.8,33,$89.99
1249,Nikka Coffey Grain Whisky,Japan,Nikka,"Japanese Whisky, Whiskey",45%,4.8,27,$71.99
1250,Nikka Coffey Malt Whisky,Japan,Nikka,"Japanese Whisky, Whiskey",45%,5.0,8,$80.00
1251,Nikka Taketsuru Pure Malt,Japan,Nikka,"Japanese Whisky, Whiskey",43%,5.0,6,$79.99
1252,Nikka Yoichi,Japan,Nikka,"Japanese Whisky, Whiskey",45%,5.0,2,$96.29
1253,Nikka Days Whisky,Japan,Nikka,"Japanese Whisky, Whiskey",40%,5.0,1,$59.99
1254,Nikka Single Malt Miyagikyo,Japan,Nikka,"Japanese Whisky, Whiskey",45%,5.0,1,$98.99
1255,Nikka Single Malt Yoichi 15 Year,Japan,Nikka,"Japanese Whisky, Whiskey",45%,5.0,1,$131.93
1256,Nikka Japanese Whiskey 21 Years,Japan,Nikka,"Japanese Whisky, Whiskey",43%,5.0,1,$499.99
1257,Nikka Taketsuru 17 Year,Japan,Nikka,"Japanese Whisky, Whiskey",43%,5.0,1,$307.99
1258,Nikka Miyagikyo 12 Year,Japan,Nikka,"Japanese Whisky, Whiskey",45%,5.0,1,$113.74
1259,Nikka Taketsuru 12 Year,Japan,Nikka,"Japanese Whisky, Whiskey",40%,5.0,1,$69.99
2329,Yamazaki 12 Year Old Whisky,Japan,The Yamazaki,"Japanese Whisky, Whiskey",43%,4.8,34,$137.99
2330,The Yamazaki Bourbon Barrel Single Malt 2013,Japan,The Yamazaki,"Japanese Whisky, Whiskey",48%,5.0,2,$0.00
2331,Yamazaki 18 Year Old Single Malt Japanese Whisky,Japan,The Yamazaki,"Japanese Whisky, Whiskey",43%,5.0,1,$775.98
2332,The Yamazaki Sherry Cask Single Malt,Japan,The Yamazaki,"Japanese Whisky, Whiskey",48%,5.0,1,$3295.00
2333,Yamazaki Mizunara 18 Years,Japan,The Yamazaki,"Japanese Whisky, Whiskey",48%,5.0,1,$3999.99
2334,Suntory Yamazaki Limited Edition 2015,Japan,The Yamazaki,"Japanese Whisky, Whiskey",43%,5.0,1,$499.99
2335,Akashi White Oak Japanese Blended Whisky,Japan,Akashi,"Japanese Whisky, Whiskey",40%,5.0,9,$47.99
2336,Akashi White Oak Ume Japanese Plum Whisky,Japan,Akashi,"Japanese Whisky, Whiskey",30.5%,5.0,1,$37.09
2337,Akashi White Oak Japanese Single Malt Whisky,Japan,Akashi,"Japanese Whisky, Whiskey",46%,2.5,2,$109.99
2338,Akashi White Oak Japanese Sherry Cask Single Malt Whisky,Japan,Akashi,"Japanese Whisky, Whiskey",50%,5.0,1,$249.76
2339,Akashi White Oak Sommelier Series: Japanese Pinot Noir Cask Single Malt Whisky,Japan,Akashi,"Japanese Whisky, Whiskey",50%,5.0,1,$224.99
2340,Akashi Eigashima White Oak Japanese Blended Whisky,Japan,Akashi,"Japanese Whisky, Whiskey",40%,5.0,1,$55.49
2341,Kurayoshi 12 Year Old Malt Whiskey,Japan,The Kurayoshi,"Japanese Whisky, Whiskey",43%,5.0,1,$99.99
2342,The Kurayoshi Tottori Japanese Whisky,Japan,The Kurayoshi,"Japanese Whisky, Whiskey",43%,5.0,1,$41.99
2343,The Kurayoshi Sherry Cask,Japan,The Kurayoshi,"Japanese Whisky, Whiskey",,5.0,1,$84.79
2344,Kurayoshi 18 Year Old Malt Whiskey,Japan,The Kurayoshi,"Japanese Whisky, Whiskey",50%,5.0,1,$219.99
2345,The Kurayoshi 8 Year Sherry Cask Whisky,Japan,The Kurayoshi,"Japanese Whisky, Whiskey",,5.0,1,$90.00
2346,Kurayoshi 8 Year Old Malt Whiskey,Japan,The Kurayoshi,"Japanese Whisky, Whiskey",,5.0,1,$88.99
2347,Fukano Whisky Single Cask 12 Year,Japan,Fukano Distillery,"Japanese Whisky, Whiskey",,5.0,1,$99.99
2348,Fukano Rice Whisky,Japan,Fukano Distillery,"Japanese Whisky, Whiskey",42.5%,5.0,1,$79.99
2349,Fukano Whisky Sherry Cask 16 Year,Japan,Fukano Distillery,"Japanese Whisky, Whiskey",42.8%,5.0,1,$164.99
2350,Fukano Whisky 10 Year,Japan,Fukano Distillery,"Japanese Whisky, Whiskey",42.9%,5.0,1,$99.99
2351,Fukano Single Cask 14 Year,Japan,Fukano Distillery,"Japanese Whisky, Whiskey",44.2%,5.0,1,$149.99
2352,Fukano Whisky Sherry Cask,Japan,Fukano Distillery,"Japanese Whisky, Whiskey",,5.0,1,$99.99
2564,Hibiki Japanese Harmony Whisky,Japan,Hibiki,"Japanese Whisky, Whiskey",43%,4.8,105,$89.99
2565,Suntory Hibiki Japanese Blended Whisky 12 Year,Japan,Hibiki,"Japanese Whisky, Whiskey",43%,5.0,2,$112.49
2566,Hibiki 17 Year Old Japanese Whisky,Japan,Hibiki,"Japanese Whisky, Whiskey",43%,5.0,1,$649.00
2567,Hibiki 21 Year Old Japanese Whisky,Japan,Hibiki,"Japanese Whisky, Whiskey",43%,5.0,1,$989.99
2568,Hibiki 12 Year Old Japanese Whisky,Japan,Hibiki,"Japanese Whisky, Whiskey",43%,5.0,1,$104.99
2569,Mars Komagatake Rindo Single Malt Whisky,Japan,Shinshu Mars Distillery,"Japanese Whisky, Whiskey",52.5%,5.0,8,$177.00
2570,Iwai Japanese Whisky,Japan,Shinshu Mars Distillery,"Japanese Whisky, Whiskey",40%,5.0,2,$36.62
2571,Shinshu Mars Distillery Iwai Japanese,Japan,Shinshu Mars Distillery,"Japanese Whisky, Whiskey",40%,5.0,1,$48.99
2572,Shinshu Mars Distillery Iwai Tradition,Japan,Shinshu Mars Distillery,"Japanese Whisky, Whiskey",40%,5.0,1,$64.97
2573,Shinshu Maltage Nature Of Shinshu Komagatake Shinanotanpopo Japanese Whisky,Japan,Shinshu Mars Distillery,"Japanese Whisky, Whiskey",,5.0,1,$194.92
2574,Kaiyo Mizunara Oak Cask Strength Japanese Whisky,Japan,Kaiyo,"Japanese Whisky, Whiskey",53%,5.0,15,$94.99
2575,Kaiyo Mizunara Oak Japanese Whisky,Japan,Kaiyo,"Japanese Whisky, Whiskey",43%,5.0,5,$64.99
2576,Kaiyo “The Single” 7 Year Old Mizunara Oak Finished Japanese Whisky,Japan,Kaiyo,"Japanese Whisky, Whiskey",48%,5.0,1,$52.99
2577,Kaiyo The Peated Mizunara Oak Japanese Whisky,Japan,Kaiyo,"Japanese Whisky, Whiskey",48%,5.0,1,$109.99
2578,Kaiyo ‘The Sheri’ Japanese Whisky,Japan,Kaiyo,"Japanese Whisky, Whiskey",46%,5.0,1,$139.99
2579,Ohishi White Label Whisky,Japan,Ohishi,"Japanese Whisky, Whiskey",45%,5.0,1,$75.99
2580,Ohishi Sherry Single Cask Whisky,Japan,Ohishi,"Japanese Whisky, Whiskey",43.6%,5.0,1,$82.99
2581,Ohishi Whisky Brandy Cask,Japan,Ohishi,"Japanese Whisky, Whiskey",,5.0,1,$74.99
2582,Ohishi Whisky Sakura Cask,Japan,Ohishi,"Japanese Whisky, Whiskey",43.6%,5.0,1,$78.94
2583,Ohishi Tokubetsu Reserve Whisky,Japan,Ohishi,"Japanese Whisky, Whiskey",40.5%,5.0,1,$254.99
2584,Matsui Sakura Cask Single Malt,Japan,Matsui,"Japanese Whisky, Whiskey",48%,5.0,1,$94.99
2585,Matsui The Tottori Bourbon Barrel Aged Whiskey,Japan,Matsui,"Japanese Whisky, Whiskey",43%,5.0,1,$52.74
2586,Matsui Peated Single Malt,Japan,Matsui,"Japanese Whisky, Whiskey",48%,5.0,1,$89.99
2587,Matsui Kurayoshi Pure Malt Whisky,Japan,Matsui,"Japanese Whisky, Whiskey",,5.0,1,$66.31
2588,Matsui Mizunara Cask Single Malt Whisky,Japan,Matsui,"Single Malt Whiskey, Whiskey",48%,5.0,1,$89.99
3113,Hakushu 12 Year,Japan,Hakushu,"Japanese Whisky, Whiskey",43%,5.0,7,$134.00
3114,Hakushu Single Malt Japanese Whisky 18 Year,Japan,Hakushu,"Japanese Whisky, Whiskey",43%,5.0,1,$599.99
3115,Suntory Hakushu Single Malt 18 Year,Japan,Hakushu,"Single Malt Whiskey, Whiskey",43%,5.0,1,$550.00
3380,Hatozaki Japanese Whiskey,Japan,Hatozaki,"Japanese Whisky, Whiskey",40%,5.0,1,$39.99
3381,Hatozaki Small Batch Japanese Whiskey,Japan,Hatozaki,"Japanese Whisky, Whiskey",46%,5.0,1,$59.99
3382,Ichiro’s Malt Chichibu The First,Japan,Ichiro Chichibu,"Japanese Whisky, Whiskey",61%,5.0,6,$224.97
3383,Ichiro’s Malt: Malt & Grain Japanese World Blend Whisky,Japan,Ichiro Chichibu,"Japanese Whisky, Whiskey",46.5%,5.0,1,$99.99
3384,Kikori Japanese Whiskey,Japan,Kikori,"Japanese Whisky, Whiskey",41%,5.0,9,$49.99
3385,Yamato Cask Strength Japanese Whiskey,Japan,Yamato,"Japanese Whisky, Whiskey",43%,5.0,1,$99.99
3386,Yamato Japanese Whisky,Japan,Yamato,"Japanese Whisky, Whiskey",40%,5.0,1,$59.99
3387,Mesh & Bone Shochu,Japan,Mesh  Bone,"Japanese Whisky, Whiskey",25%,5.0,1,$30.49
3780,Sensei Japanese Whiskey,Japan,Sensei,"Japanese Whisky, Whiskey",40%,5.0,4,$39.99
3781,Iwai Tradition,Japan,Iwai,"Japanese Whisky, Whiskey",40%,5.0,1,$59.99
3782,Suntory Toki Japanese Whisky,Japan,Suntory,"Japanese Whisky, Whiskey",43%,4.9,136,$39.99
3783,Nobushi Japanese Whiskey,Japan,Nobushi,"Japanese Whisky, Whiskey",46%,5.0,1,$47.99
3784,Kamiki Cedar Cask Japanese Whisky,Japan,Kamiki,"Japanese Whisky, Whiskey",48%,5.0,1,$71.99
3785,Fuyu Mizunara Japanese Whisky,Japan,Fuyu,"Japanese Whisky, Whiskey",45%,5.0,1,$44.99
3786,Kisoyama Japanese Blended Whisky,Japan,Kisoyama,"Japanese Whisky, Whiskey",,5.0,1,$59.99
3787,The Shinobu Mizunara Oak Blended Whiskey,Japan,Shinobu Distillery,"Japanese Whisky, Whiskey",43%,5.0,1,$52.49
3788,Kumesen Meiyo 17 Year Old Single Grain Japanese Whisky,Japan,Kumesen Distillery,"Japanese Whisky, Whiskey",42%,5.0,1,$302.74
3789,Shinju Japanese Whisky,Japan,Shinju,"Japanese Whisky, Whiskey",40%,5.0,1,$49.99
3790,Yame Eight Goddesses Japanese Whisky 10 Year,Japan,Yame,"Japanese Whisky, Whiskey",42%,5.0,1,$65.99
3791,Oni No Shitaburui Honj,Japan,Chiyomusubi,"Japanese Whisky, Whiskey",40%,5.0,1,$20.99
3792,Kurokame Kankaku Shochu,Japan,Kurokame,"Japanese Whisky, Whiskey",25%,5.0,1,$28.88
3793,Sabi Wasabi Whiskey,Japan,Sabi,"Japanese Whisky, Whiskey",,5.0,1,$19.99
